{
  "samples": 50,
  "metrics": {
    "accuracy": 0.96,
    "f1_macro": 0.9594155844155845,
    "confusion_matrix": [
      [
        21,
        0
      ],
      [
        2,
        27
      ]
    ],
    "classification_report": {
      "REAL": {
        "precision": 0.9130434782608695,
        "recall": 1.0,
        "f1-score": 0.9545454545454546,
        "support": 21.0
      },
      "FAKE": {
        "precision": 1.0,
        "recall": 0.9310344827586207,
        "f1-score": 0.9642857142857143,
        "support": 29.0
      },
      "accuracy": 0.96,
      "macro avg": {
        "precision": 0.9565217391304348,
        "recall": 0.9655172413793103,
        "f1-score": 0.9594155844155845,
        "support": 50.0
      },
      "weighted avg": {
        "precision": 0.9634782608695651,
        "recall": 0.96,
        "f1-score": 0.9601948051948053,
        "support": 50.0
      }
    }
  }
}