{
  "dataset": {
    "path": ".\\fakenews-ml\\data\\WELFake_Dataset.csv",
    "split_mode": "random",
    "max_samples": 3000,
    "min_text_chars": 60,
    "deduplicate": true,
    "train_size": 2250,
    "test_size": 750,
    "label_distribution": {
      "real": 1644,
      "fake": 1356
    }
  },
  "metrics": {
    "test": {
      "accuracy": 0.8733333333333333,
      "f1_macro": 0.8719839876673416,
      "auc_roc": 0.9564196972633119,
      "mcc": 0.7440470263456324
    },
    "train_probe": {
      "accuracy": 0.995,
      "f1_macro": 0.9948228106960731,
      "auc_roc": 0.9993775287892935,
      "mcc": 0.9896989424671725
    },
    "gap": 0.1216666666666667,
    "cv_scores": [
      0.88,
      0.8871111111111111
    ],
    "cv_mean": 0.8835555555555555,
    "cv_std_x2": 0.007111111111111068
  },
  "incremental": {
    "rows": 0,
    "applied": false
  }
}