{
  "dataset": {
    "path": ".\\fakenews-ml\\data\\WELFake_Dataset.csv",
    "split_mode": "random",
    "max_samples": 8000,
    "min_text_chars": 60,
    "deduplicate": true,
    "train_size": 6000,
    "test_size": 2000,
    "label_distribution": {
      "real": 4384,
      "fake": 3616
    }
  },
  "metrics": {
    "test": {
      "accuracy": 0.909,
      "f1_macro": 0.9083377401727482,
      "auc_roc": 0.9712747682643241,
      "mcc": 0.8168983743350874
    },
    "train_probe": {
      "accuracy": 0.985,
      "f1_macro": 0.9841232039374455,
      "auc_roc": 0.9990497307570478,
      "mcc": 0.9683014872601606
    },
    "gap": 0.07599999999999996,
    "cv_scores": [
      0.894,
      0.9006666666666666
    ],
    "cv_mean": 0.8973333333333333,
    "cv_std_x2": 0.006666666666666599
  },
  "incremental": {
    "rows": 0,
    "applied": false
  }
}